{"cameraMode":{"drawMode":0,"name":"Shaded","section":"Shading Mode"},"sceneLighting":true,"audioPlay":false,"sceneViewState":{"m_AlwaysRefresh":false,"showFog":true,"showSkybox":true,"showFlares":true,"showImageEffects":true,"showParticleSystems":true,"showVisualEffectGraphs":true,"m_FxEnabled":true},"in2DMode":false,"pivot":{"x":-0.04884606599807739,"y":1.2703133821487427,"z":0.4721297025680542},"rotation":{"x":-0.02517498843371868,"y":-0.03417681157588959,"z":-0.0008427627035416663,"w":0.9991359710693359},"size":0.1356472373008728,"orthographic":true}