{"cameraMode":{"drawMode":0,"name":"Shaded","section":"Shading Mode"},"sceneLighting":false,"audioPlay":false,"sceneViewState":{"m_AlwaysRefresh":false,"showFog":true,"showSkybox":false,"showFlares":true,"showImageEffects":true,"showParticleSystems":true,"showVisualEffectGraphs":true,"m_FxEnabled":true},"in2DMode":false,"pivot":{"x":0.03429996967315674,"y":0.9692000150680542,"z":0.49956613779067995},"rotation":{"x":0.41403821110725405,"y":-0.058361757546663287,"z":0.02663392946124077,"w":0.9080371856689453},"size":0.16286353766918183,"orthographic":true}